City_ID,City,Country,Date,Lat,Lng,Max Temp,Humidity,Cloudiness,Wind Speed
0,Rikitea,PF,2023-03-01 04:07:25,-23.1203,-134.9692,80.4,74,9,13.58
1,Butaritari,KI,2023-03-01 04:11:11,3.0707,172.7902,82.17,76,86,14.5
2,Cape Town,ZA,2023-03-01 04:09:57,-33.9258,18.4232,68.38,81,81,17.0
3,Ribeira Grande,PT,2023-03-01 04:11:12,38.5167,-28.7,60.78,86,55,25.99
4,Albany,US,2023-03-01 04:11:12,42.6001,-73.9662,34.81,91,61,8.03
5,Severo-Kurilsk,RU,2023-03-01 04:08:58,50.6789,156.125,24.62,90,100,16.13
6,Buala,SB,2023-03-01 04:11:13,-8.145,159.5921,81.84,81,97,18.21
7,New Norfolk,AU,2023-03-01 04:11:14,-42.7826,147.0587,71.1,50,49,10.0
8,Hobart,AU,2023-03-01 04:05:16,-42.8794,147.3294,71.46,47,40,21.85
9,Humberto De Campos,BR,2023-03-01 04:11:14,-2.5983,-43.4611,75.2,94,93,4.09
10,Avarua,CK,2023-03-01 04:11:15,-21.2078,-159.775,82.45,57,60,5.75
11,Hermanus,ZA,2023-03-01 04:11:16,-34.4187,19.2345,62.8,90,36,8.32
12,Bengkulu,ID,2023-03-01 04:11:16,-3.8004,102.2655,81.97,73,84,6.53
13,Cockburn Town,TC,2023-03-01 04:09:37,21.4612,-71.1419,75.52,74,5,10.56
14,Fortuna,US,2023-03-01 04:11:17,40.5982,-124.1573,37.92,95,100,3.44
15,Sorland,NO,2023-03-01 04:11:18,67.667,12.6934,40.86,90,73,17.85
16,Muros,ES,2023-03-01 04:11:18,42.7762,-9.0603,36.84,83,6,11.65
17,Frontera,MX,2023-03-01 04:08:13,26.9333,-101.45,84.33,38,94,3.0
18,Athabasca,CA,2023-03-01 04:11:19,54.7169,-113.2854,11.84,94,100,5.82
19,Carnarvon,AU,2023-03-01 04:10:08,-24.8667,113.6333,91.67,48,67,1.63
20,Mataura,NZ,2023-03-01 04:08:47,-46.1927,168.8643,65.48,65,100,2.35
21,Ahuimanu,US,2023-03-01 04:11:20,21.4447,-157.8378,74.75,80,75,17.27
22,Chinchani,IN,2023-03-01 04:11:21,19.8667,72.7,80.74,37,0,4.5
23,Muli,MV,2023-03-01 04:10:14,2.9167,73.5667,81.23,77,86,16.02
24,Cabo San Lucas,MX,2023-03-01 04:10:25,22.8909,-109.9124,68.5,75,74,7.07
25,Chokurdakh,RU,2023-03-01 04:08:58,70.6333,147.9167,-28.95,98,92,3.53
26,Atuona,PF,2023-03-01 04:08:55,-9.8,-139.0333,80.15,77,6,15.05
27,Oyama,JP,2023-03-01 04:11:22,36.3,139.8,64.58,18,36,1.97
28,Tiksi,RU,2023-03-01 04:11:22,71.6872,128.8694,-27.81,98,84,3.65
29,Zarate,AR,2023-03-01 04:11:23,-34.0981,-59.0286,78.91,60,28,5.77
30,Ushuaia,AR,2023-03-01 04:08:49,-54.8,-68.3,42.46,75,20,4.61
31,Poum,NC,2023-03-01 04:08:59,-20.2333,164.0167,81.66,82,66,8.34
32,Englewood,US,2023-03-01 04:07:22,39.6478,-104.9878,36.28,32,0,6.91
33,Pangnirtung,CA,2023-03-01 04:11:24,66.1451,-65.7125,-33.48,75,10,5.44
34,Deputatskiy,RU,2023-03-01 04:11:24,69.3,139.9,-23.39,99,86,0.63
35,Seminole,US,2023-03-01 04:11:25,28.7086,-81.2081,73.2,89,0,5.75
36,Clyde River,CA,2023-03-01 04:11:26,70.4692,-68.5914,-27.2,82,6,4.03
37,Antofagasta,CL,2023-03-01 04:11:27,-23.65,-70.4,67.28,83,51,3.33
38,Saint George,US,2023-03-01 04:10:29,37.1041,-113.5841,46.99,53,100,9.22
39,Bluff,NZ,2023-03-01 04:11:27,-46.6,168.3333,65.8,68,100,4.32
40,Bredasdorp,ZA,2023-03-01 04:08:47,-34.5322,20.0403,62.67,86,13,3.98
41,Saldanha,ZA,2023-03-01 04:10:17,-33.0117,17.9442,63.34,92,20,17.29
42,Abu Zabad,SD,2023-03-01 04:11:28,12.35,29.25,69.6,16,11,10.54
43,San Andres,CO,2023-03-01 04:09:49,12.5847,-81.7006,78.82,78,40,10.36
44,San Carlos De Bariloche,AR,2023-03-01 04:11:29,-41.1456,-71.3082,50.38,93,5,7.61
45,Joshimath,IN,2023-03-01 04:12:30,30.5667,79.5667,55.83,57,100,2.73
46,Chulumani,BO,2023-03-01 04:12:31,-16.4096,-67.5263,64.89,92,87,1.79
47,Noumea,NC,2023-03-01 04:11:35,-22.2763,166.4572,86.0,99,100,14.97
48,Qandala,SO,2023-03-01 04:12:32,11.472,49.8728,75.9,71,13,3.78
49,Bari,IT,2023-03-01 04:12:33,41.1177,16.8512,54.27,88,20,3.44
50,Bintulu,MY,2023-03-01 04:12:33,3.1667,113.0333,82.22,77,100,7.9
51,Jaffna,LK,2023-03-01 04:12:34,9.6685,80.0074,81.48,71,18,16.28
52,Yellowknife,CA,2023-03-01 04:11:37,62.456,-114.3525,-10.44,76,56,10.0
53,Fort Nelson,CA,2023-03-01 04:12:34,58.8053,-122.7002,-6.74,100,57,1.5
54,Kapaa,US,2023-03-01 04:10:15,22.0752,-159.319,78.78,80,75,25.32
55,Tasiilaq,GL,2023-03-01 04:08:46,65.6145,-37.6368,28.56,86,42,1.61
56,Vaini,TO,2023-03-01 04:08:26,-21.2,-175.2,87.96,74,40,11.5
57,Flin Flon,CA,2023-03-01 04:12:35,54.7682,-101.865,-12.89,98,42,4.94
58,Port Lincoln,AU,2023-03-01 04:10:15,-34.7333,135.8667,68.97,59,72,14.05
59,Vaitape,PF,2023-03-01 04:11:53,-16.5167,-151.75,81.97,74,99,8.55
60,Caravelas,BR,2023-03-01 04:12:36,-17.7125,-39.2481,75.24,90,35,3.44
61,Ituporanga,BR,2023-03-01 04:12:37,-27.4144,-49.6025,65.1,99,100,1.74
62,Rafaela,AR,2023-03-01 04:12:37,-31.2503,-61.4867,80.98,35,0,6.91
63,Kasese,UG,2023-03-01 04:12:38,0.1833,30.0833,66.33,88,82,2.95
64,Bara,NG,2023-03-01 04:10:52,10.3744,10.7288,73.11,16,45,4.32
65,Shache,CN,2023-03-01 04:12:38,38.4167,77.2406,38.71,63,66,4.61
66,Norrkoping,SE,2023-03-01 04:12:39,58.5942,16.1826,29.39,88,93,3.44
67,Nador,MA,2023-03-01 04:12:39,35.174,-2.9287,53.85,62,75,3.44
68,Hithadhoo,MV,2023-03-01 04:10:05,-0.6,73.0833,82.15,67,100,12.39
69,Cozumel,MX,2023-03-01 04:12:40,20.5083,-86.9458,75.27,88,0,3.44
70,Kulhudhuffushi,MV,2023-03-01 04:12:40,6.6221,73.07,80.6,70,24,8.39
71,Atakpame,TG,2023-03-01 04:12:41,7.5333,1.1333,76.77,76,91,3.71
72,Port Augusta,AU,2023-03-01 04:12:41,-32.5,137.7667,77.63,35,0,19.39
73,Haines Junction,CA,2023-03-01 04:12:42,60.7522,-137.5108,3.6,96,100,1.68
74,Pacific Grove,US,2023-03-01 04:11:05,36.6177,-121.9166,48.65,91,100,16.11
75,Tando Muhammad Khan,PK,2023-03-01 04:12:43,25.123,68.5358,79.32,23,0,11.01
76,Port Elizabeth,ZA,2023-03-01 04:12:43,-33.918,25.5701,69.31,96,52,3.0
77,Luanda,AO,2023-03-01 04:12:44,-8.8368,13.2343,76.91,84,100,9.48
78,Hare Bay,CA,2023-03-01 04:12:45,48.8499,-54.0148,4.35,99,49,4.27
79,Camacha,PT,2023-03-01 04:12:45,33.0833,-16.3333,56.62,88,20,3.44
80,Busselton,AU,2023-03-01 04:08:37,-33.65,115.3333,84.45,40,0,4.38
81,Petropavlovsk-Kamchatskiy,RU,2023-03-01 04:12:46,53.0452,158.6483,23.59,50,75,4.47
82,Bandarbeyla,SO,2023-03-01 04:12:46,9.4942,50.8122,77.27,75,60,4.16
83,Harnosand,SE,2023-03-01 04:12:47,62.6323,17.9379,37.4,73,46,20.62
84,Barrow,US,2023-03-01 04:10:07,71.2906,-156.7887,-16.58,83,0,14.97
85,Airai,TL,2023-03-01 04:12:47,-8.9266,125.4092,63.09,93,100,4.74
86,Mana,GF,2023-03-01 04:12:48,5.6592,-53.7767,76.41,91,100,8.9
87,Xining,CN,2023-03-01 04:12:48,36.6167,101.7667,30.51,53,33,1.97
88,Jumla,NP,2023-03-01 04:12:49,29.2747,82.1838,52.68,31,5,4.92
89,Hilo,US,2023-03-01 04:05:29,19.7297,-155.09,71.33,90,75,5.75
90,Constitucion,CL,2023-03-01 04:12:49,-35.3333,-72.4167,62.2,63,0,10.94
91,Vinh Yen,VN,2023-03-01 04:12:50,21.31,105.5967,66.15,68,85,5.44
92,Karratha,AU,2023-03-01 04:10:19,-20.7377,116.8463,96.94,40,63,3.6
93,Marsh Harbour,BS,2023-03-01 04:12:18,26.5412,-77.0636,75.38,65,0,7.47
94,Vanimo,PG,2023-03-01 04:13:51,-2.6741,141.3028,84.61,67,93,9.24
95,Acapulco,MX,2023-03-01 04:13:51,16.8634,-99.8901,80.42,69,40,3.44
96,Castro,BR,2023-03-01 04:13:52,-24.7911,-50.0119,60.3,99,79,3.44
97,Ostrovnoy,RU,2023-03-01 04:13:40,68.0531,39.5131,26.24,79,100,19.08
98,Muhos,FI,2023-03-01 04:13:52,64.808,25.9931,28.76,88,79,5.39
99,Yozgat,TR,2023-03-01 04:13:53,39.5833,35.3333,44.04,75,98,4.63
100,Srandakan,ID,2023-03-01 04:13:53,-7.9386,110.2506,81.46,77,84,11.23
101,Arraial Do Cabo,BR,2023-03-01 04:08:58,-22.9661,-42.0278,74.43,91,75,13.22
102,Kodiak,US,2023-03-01 04:08:06,57.79,-152.4072,35.11,93,100,6.91
103,Tawau,MY,2023-03-01 04:13:55,4.2498,117.8871,82.02,73,100,2.21
104,Te Anau,NZ,2023-03-01 04:13:55,-45.4167,167.7167,55.99,94,100,3.38
105,Talcahuano,CL,2023-03-01 04:13:56,-36.7167,-73.1167,60.48,72,0,8.05
106,Saint-Philippe,RE,2023-03-01 04:10:12,-21.3585,55.7679,80.19,80,42,8.68
107,Mahebourg,MU,2023-03-01 04:10:09,-20.4081,57.7,82.26,74,7,7.63
108,Ilhabela,BR,2023-03-01 04:13:57,-23.7781,-45.3581,74.79,93,93,4.97
109,Port Hedland,AU,2023-03-01 04:13:57,-20.3167,118.5667,98.65,53,42,14.97
110,Kruisfontein,ZA,2023-03-01 04:13:58,-34.0033,24.7314,66.88,91,93,5.66
111,Ngunguru,NZ,2023-03-01 04:13:58,-35.6167,174.5,69.44,67,16,6.55
112,Sivas,TR,2023-03-01 04:13:59,39.7916,37.0019,36.23,80,75,4.61
113,Ukholovo,RU,2023-03-01 04:13:59,53.7929,40.4892,16.0,89,98,10.13
114,Tuktoyaktuk,CA,2023-03-01 04:14:00,69.4541,-133.0374,-18.42,99,53,9.04
115,Lebu,CL,2023-03-01 04:14:00,-37.6167,-73.65,59.13,87,0,13.98
116,Iquitos,PE,2023-03-01 04:14:01,-3.7481,-73.2472,75.24,94,75,1.14
117,Karnal,IN,2023-03-01 04:14:01,29.6833,76.9833,73.49,31,99,4.72
118,Galle,LK,2023-03-01 04:14:02,6.0367,80.217,80.38,72,97,7.18
119,Svetlaya,RU,2023-03-01 04:14:03,46.5389,138.3297,32.36,48,49,4.09
120,Ketchikan,US,2023-03-01 04:14:03,55.3422,-131.6461,31.98,74,75,3.44
121,Punta Arenas,CL,2023-03-01 04:06:11,-53.15,-70.9167,42.12,81,75,25.32
122,Fereydun Kenar,IR,2023-03-01 04:14:04,36.6864,52.5225,53.55,68,25,6.35
123,Kirakira,SB,2023-03-01 04:14:05,-10.4544,161.9205,81.77,88,89,23.4
124,Esperance,AU,2023-03-01 04:14:05,-33.8667,121.9,72.5,54,20,14.56
125,Mungaa,TZ,2023-03-01 04:14:06,-4.9667,34.8833,60.04,93,98,1.43
126,Codrington,AU,2023-03-01 04:14:07,-38.2667,141.9667,64.78,60,52,14.36
127,Cascais,PT,2023-03-01 04:14:07,38.6979,-9.4215,47.52,59,12,17.0
128,Leh,IN,2023-03-01 04:14:08,34.1667,77.5833,17.04,84,94,2.89
129,Meulaboh,ID,2023-03-01 04:14:08,4.1363,96.1285,83.16,66,81,1.99
130,Rosarito,MX,2023-03-01 04:14:09,32.3333,-117.0333,54.55,75,11,8.14
131,Puerto Leguizamo,CO,2023-03-01 04:14:10,-0.1934,-74.7819,69.57,99,87,1.5
132,Assiniboia,CA,2023-03-01 04:12:01,49.6334,-105.9845,12.15,93,100,8.88
133,Salalah,OM,2023-03-01 04:13:24,17.0151,54.0924,71.69,73,0,4.61
134,Port Alfred,ZA,2023-03-01 04:09:25,-33.5906,26.891,68.18,97,58,1.99
135,Vagur,FO,2023-03-01 04:14:12,61.4732,-6.8119,44.11,84,51,17.09
136,Ponta Do Sol,PT,2023-03-01 04:08:56,32.6667,-17.1,61.72,83,95,2.71
137,Butembo,CD,2023-03-01 04:15:12,0.15,29.2833,57.7,95,96,3.42
138,Bethel,US,2023-03-01 04:15:13,41.3712,-73.414,33.49,86,0,4.61
139,Fare,PF,2023-03-01 04:15:13,-16.7,-151.0167,82.92,72,94,9.06
140,Caibarien,CU,2023-03-01 04:15:14,22.5206,-79.4669,63.72,71,0,5.1
141,Aleksandrovskiy Zavod,RU,2023-03-01 04:12:21,50.9237,117.9374,13.35,60,13,6.58
142,Hunterville,NZ,2023-03-01 04:15:15,-39.9333,175.5667,70.7,50,0,5.46
143,Byron Bay,AU,2023-03-01 04:15:15,-28.65,153.6167,91.71,63,0,17.0
144,Alofi,NU,2023-03-01 04:10:45,-19.0595,-169.9187,80.85,70,89,8.9
145,Kavaratti,IN,2023-03-01 04:15:16,10.5669,72.642,81.48,67,10,9.04
146,Nikolskoye,RU,2023-03-01 04:08:42,59.7035,30.7861,24.69,91,88,8.99
147,Nanortalik,GL,2023-03-01 04:15:18,60.1432,-45.2371,23.32,75,100,9.04
148,Qaanaaq,GL,2023-03-01 04:08:48,77.484,-69.3632,-10.82,87,96,6.22
149,Sao Filipe,CV,2023-03-01 04:15:18,14.8961,-24.4956,70.99,73,8,10.65
150,Bambous Virieux,MU,2023-03-01 04:10:04,-20.3428,57.7575,82.22,72,8,7.4
151,Ryzdvyanyy,RU,2023-03-01 04:15:19,45.2656,41.8389,32.7,92,70,10.29
152,Asfi,MA,2023-03-01 04:15:19,32.2994,-9.2372,58.87,74,100,4.36
153,Talnakh,RU,2023-03-01 04:15:20,69.4865,88.3972,0.82,81,95,9.26
154,San Quintin,MX,2023-03-01 04:15:20,30.4833,-115.95,54.18,75,60,9.71
155,Kahului,US,2023-03-01 04:15:21,20.8947,-156.47,71.31,86,40,12.66
156,Birjand,IR,2023-03-01 04:15:22,32.8663,59.2211,46.2,68,6,2.3
157,Naica,MX,2023-03-01 04:15:23,27.85,-105.4833,67.05,14,99,9.31
158,Rio Gallegos,AR,2023-03-01 04:15:23,-51.6226,-69.2181,44.65,61,0,11.5
159,Udachnyy,RU,2023-03-01 04:15:24,66.4167,112.4,0.45,70,37,3.98
160,Sistranda,NO,2023-03-01 04:13:13,63.7256,8.834,42.76,86,100,19.82
161,Qazvin,IR,2023-03-01 04:15:25,36.2797,50.0049,45.73,40,54,3.76
162,Kaitangata,NZ,2023-03-01 04:15:25,-46.2817,169.8464,66.65,70,82,4.83
163,Maraa,BR,2023-03-01 04:15:26,-1.8333,-65.3667,73.18,98,100,1.12
164,Mar Del Plata,AR,2023-03-01 04:15:26,-38.0023,-57.5575,73.94,73,0,9.22
165,Yumen,CN,2023-03-01 04:15:27,40.2833,97.2,38.52,34,39,3.06
166,Jamestown,US,2023-03-01 04:08:49,42.097,-79.2353,31.01,92,75,3.44
167,Mashhad,IR,2023-03-01 04:15:28,36.297,59.6062,41.14,70,0,0.0
168,Wucheng,CN,2023-03-01 04:15:29,29.6008,118.175,56.62,65,100,2.17
169,Gushikawa,JP,2023-03-01 04:15:29,26.3544,127.8686,71.19,54,0,8.05
170,Bandar,ID,2023-03-01 04:15:30,2.05,99.75,74.7,95,100,2.66
171,Iqaluit,CA,2023-03-01 04:06:20,63.7506,-68.5145,-31.27,66,0,2.3
172,Concepcion,CL,2023-03-01 04:15:31,-36.827,-73.0498,60.6,72,0,8.05
173,Abu Dhabi,AE,2023-03-01 04:12:43,24.4667,54.3667,76.95,76,0,4.61
174,Serebryansk,KZ,2023-03-01 04:15:33,49.6925,83.2892,16.68,86,100,7.65
175,Glenwood Springs,US,2023-03-01 04:15:34,39.5505,-107.3248,25.61,85,40,12.66
176,Bell Ville,AR,2023-03-01 04:11:25,-32.6259,-62.6887,73.67,43,6,8.52
177,Tessalit,ML,2023-03-01 04:13:26,20.1986,1.0114,64.49,18,0,5.55
178,Polson,US,2023-03-01 04:15:35,47.6936,-114.1632,20.77,81,56,3.36
179,Bilibino,RU,2023-03-01 04:15:35,68.0546,166.4372,-30.69,98,45,1.97
180,Stettler,CA,2023-03-01 04:15:36,52.3168,-112.7186,9.75,94,100,7.67
181,Pasaje,EC,2023-03-01 04:15:36,-3.3333,-79.8167,76.21,93,97,1.43
182,Hofn,IS,2023-03-01 04:15:37,64.2539,-15.2082,37.6,55,100,11.72
183,Fuerte Olimpo,PY,2023-03-01 04:15:37,-21.0415,-57.8738,77.58,77,73,3.09
184,Longyearbyen,SJ,2023-03-01 04:08:53,78.2186,15.6401,12.04,79,75,18.41
185,Lata,PT,2023-03-01 04:16:38,40.1629,-8.3327,35.08,66,0,3.91
186,Sao Joao Da Barra,BR,2023-03-01 04:16:39,-21.6403,-41.0511,74.97,90,0,6.04
187,Mbini,GQ,2023-03-01 04:16:39,1.574,9.6134,76.62,87,99,8.52
188,Georgetown,MY,2023-03-01 04:13:45,5.4112,100.3354,80.53,78,40,4.61
189,Babstovo,RU,2023-03-01 04:16:40,48.1167,132.4833,20.59,67,16,8.28
190,Upernavik,GL,2023-03-01 04:16:40,72.7868,-56.1549,-1.17,97,100,16.28
191,Puerto Ayora,EC,2023-03-01 04:16:41,-0.7393,-90.3518,77.56,96,39,4.0
192,Cherskiy,RU,2023-03-01 04:16:41,68.75,161.3,-29.31,96,100,5.7
193,Lompoc,US,2023-03-01 04:16:42,34.6391,-120.4579,50.77,79,100,15.99
194,Hamilton,US,2023-03-01 04:14:20,39.1834,-84.5333,44.89,79,0,9.22
195,Padang,ID,2023-03-01 04:08:54,-0.9492,100.3543,82.45,72,100,2.71
196,Soyo,AO,2023-03-01 04:16:43,-6.1349,12.3689,76.53,89,100,7.52
197,Sao Gabriel Da Cachoeira,BR,2023-03-01 04:16:43,-0.1303,-67.0892,72.75,99,100,1.86
198,Dunedin,NZ,2023-03-01 04:10:03,-45.8742,170.5036,63.81,81,51,5.99
199,Provideniya,RU,2023-03-01 04:16:44,64.3833,-173.3,5.56,76,100,17.36
200,Arona,ES,2023-03-01 04:16:44,28.0996,-16.681,62.38,73,20,8.05
201,Khatassy,RU,2023-03-01 04:16:45,61.9036,129.6383,-20.02,88,93,5.57
202,Adre,TD,2023-03-01 04:16:45,13.4667,22.2,70.79,11,59,13.18
203,Korla,CN,2023-03-01 04:16:46,41.7597,86.1469,39.88,39,9,3.83
204,Nelson Bay,AU,2023-03-01 04:13:13,-32.7167,152.15,80.65,76,94,11.01
205,Lenoir City,US,2023-03-01 04:16:26,35.7973,-84.256,60.28,72,2,1.01
206,Pekalongan,ID,2023-03-01 04:16:47,-6.8886,109.6753,87.01,70,99,3.24
207,Razole,IN,2023-03-01 04:16:47,16.4833,81.8333,85.42,42,0,4.92
208,Altamont,US,2023-03-01 04:16:47,42.2068,-121.7372,24.64,87,100,9.22
209,Vardo,NO,2023-03-01 04:14:47,70.3705,31.1107,30.18,86,100,27.63
210,Hasaki,JP,2023-03-01 04:16:48,35.7333,140.8333,64.8,42,87,13.78
211,Umm Bab,QA,2023-03-01 04:16:49,25.2142,50.8072,67.03,61,56,13.53
212,Aksarka,RU,2023-03-01 04:16:49,66.5606,67.7975,-1.43,97,100,6.22
213,Pevek,RU,2023-03-01 04:16:50,69.7008,170.3133,-27.0,98,100,7.92
214,Ukiah,US,2023-03-01 04:16:50,39.1502,-123.2078,38.93,93,40,0.0
215,Asyut,EG,2023-03-01 04:16:51,27.181,31.1837,62.15,20,0,2.46
216,Tynda,RU,2023-03-01 04:16:51,55.1667,124.7167,9.97,73,18,7.74
217,Sehithwa,BW,2023-03-01 04:16:52,-20.4667,22.7167,69.87,63,28,4.21
218,Hami,CN,2023-03-01 04:16:52,42.8,93.45,43.16,17,43,1.81
219,Asbe Teferi,ET,2023-03-01 04:16:53,9.0833,40.8667,60.62,62,40,6.44
220,Pisco,PE,2023-03-01 04:15:13,-13.7,-76.2167,73.02,83,0,11.5
221,Asau,RO,2023-03-01 04:16:53,46.4333,26.4,31.28,93,40,1.32
222,Ustka,PL,2023-03-01 04:16:54,54.5805,16.8619,33.66,93,100,8.28
223,Honiara,SB,2023-03-01 04:16:54,-9.4333,159.95,79.61,92,97,17.31
224,Vieux-Habitants,GP,2023-03-01 04:16:55,16.0589,-61.7659,69.37,76,4,8.63
225,Turukhansk,RU,2023-03-01 04:16:55,65.8167,87.9833,19.78,92,100,14.79
226,Goderich,CA,2023-03-01 04:15:33,43.7501,-81.7165,31.91,94,86,8.32
227,Teya,RU,2023-03-01 04:16:56,60.3778,92.6267,25.25,89,98,8.59
228,Mkushi,ZM,2023-03-01 04:16:56,-13.6202,29.3939,62.47,98,100,6.44
229,Hatillo,PR,2023-03-01 04:16:56,18.4863,-66.8254,73.85,87,7,1.99
230,Port-Cartier,CA,2023-03-01 04:16:57,50.0334,-66.8654,13.68,94,100,7.47
231,Yantal,RU,2023-03-01 04:16:57,56.8471,105.2542,26.62,82,100,14.67
232,Staraya Russa,RU,2023-03-01 04:16:58,57.9944,31.3608,21.31,89,75,10.13
233,Hambantota,LK,2023-03-01 04:17:58,6.1241,81.1185,83.52,67,96,18.59
234,Bon Air,US,2023-03-01 04:15:02,37.5249,-77.5578,51.01,83,0,8.05
235,Meadow Lake,US,2023-03-01 04:17:59,34.8014,-106.5436,43.39,37,87,13.69
236,Zhuanghe,CN,2023-03-01 04:16:31,39.7008,122.9911,42.6,28,0,14.36
237,San Patricio,US,2023-03-01 04:17:59,28.017,-97.5169,74.12,92,43,14.0
238,Ilulissat,GL,2023-03-01 04:18:00,69.2167,-51.1,14.02,85,100,6.91
239,Katsuura,JP,2023-03-01 04:18:00,35.1333,140.3,61.02,54,100,23.22
240,Salto,UY,2023-03-01 04:15:45,-31.3833,-57.9667,80.87,58,32,4.0
241,Tuatapere,NZ,2023-03-01 04:18:01,-46.1333,167.6833,61.61,71,99,8.68
242,Neftcala,AZ,2023-03-01 04:18:02,39.3742,49.2472,50.38,71,36,5.68
243,Sakaiminato,JP,2023-03-01 04:18:02,35.55,133.2333,57.13,82,75,10.36
244,Eydhafushi,MV,2023-03-01 04:18:03,5.1033,73.0708,80.62,70,78,11.48
245,Half Moon Bay,US,2023-03-01 04:13:10,37.4636,-122.4286,48.18,91,100,16.11
246,Monywa,MM,2023-03-01 04:18:04,22.1167,95.1333,86.25,22,0,9.48
247,Serov,RU,2023-03-01 04:18:04,59.6033,60.5787,12.63,92,16,6.4
248,Tura,IN,2023-03-01 04:18:05,25.5198,90.2201,80.51,24,0,3.22
249,Barcelos,PT,2023-03-01 04:18:05,41.5388,-8.6151,42.85,77,0,6.29
250,Shibetsu,JP,2023-03-01 04:18:06,43.659,145.132,39.9,65,75,4.61
251,Acarau,BR,2023-03-01 04:18:07,-2.8856,-40.12,77.9,88,100,11.95
252,Kaeo,NZ,2023-03-01 04:18:07,-35.1,173.7833,75.33,68,1,7.02
253,Torbay,CA,2023-03-01 04:18:07,47.6666,-52.7314,14.58,73,100,12.66
254,Nizwa,OM,2023-03-01 04:18:08,22.9333,57.5333,74.34,28,82,1.28
255,Forestville,US,2023-03-01 04:18:09,38.8451,-76.875,45.25,89,0,0.0
256,Oranjemund,NA,2023-03-01 04:18:09,-28.55,16.4333,62.71,87,95,10.13
257,Candido Mendes,BR,2023-03-01 04:18:10,-1.4467,-45.7167,74.25,92,46,3.24
258,Bathsheba,BB,2023-03-01 04:18:11,13.2167,-59.5167,75.81,73,20,13.8
259,Gamba,GA,2023-03-01 04:18:11,-2.65,10.0,75.72,90,100,6.98
260,Valparaiso,CL,2023-03-01 04:15:43,-33.0393,-71.6273,56.84,88,0,0.0
261,Geraldton,AU,2023-03-01 04:18:12,-28.7667,114.6,99.01,26,71,17.27
262,Mitsamiouli,KM,2023-03-01 04:18:12,-11.3847,43.2844,80.46,81,100,7.9
263,Sydney,AU,2023-03-01 04:16:13,-33.8679,151.2073,87.55,64,75,27.63
264,Yulara,AU,2023-03-01 04:18:13,-25.2406,130.9889,93.97,20,12,19.46
265,Nuuk,GL,2023-03-01 04:18:14,64.1835,-51.7216,18.21,94,100,7.14
266,Gobabis,NA,2023-03-01 04:18:14,-22.45,18.9667,72.72,37,95,13.53
267,Grindavik,IS,2023-03-01 04:18:15,63.8424,-22.4338,37.35,87,0,11.5
268,Tarakan,ID,2023-03-01 04:18:16,3.3,117.6333,81.9,78,75,8.05
269,Fomboni,KM,2023-03-01 04:18:17,-12.28,43.7425,81.68,77,83,9.28
270,Ust-Nera,RU,2023-03-01 04:18:17,64.5667,143.2,-14.4,91,100,4.61
271,Chuy,UY,2023-03-01 04:18:18,-33.6971,-53.4616,72.86,70,84,10.58
272,Ushtobe,KZ,2023-03-01 04:18:19,45.2514,77.9838,34.9,63,33,3.29
273,Thompson,CA,2023-03-01 04:15:39,55.7435,-97.8558,-8.84,93,80,6.46
274,Calderitas,MX,2023-03-01 04:18:19,18.55,-88.25,76.62,79,0,10.76
275,Teknaf,BD,2023-03-01 04:18:20,20.8624,92.3058,84.78,27,0,7.49
276,Kavieng,PG,2023-03-01 04:18:20,-2.5744,150.7967,79.88,83,100,6.46
277,Marzuq,YE,2023-03-01 04:18:21,14.4,46.4667,63.07,37,57,6.24
278,Lasa,IT,2023-03-01 04:18:21,46.6166,10.7002,29.35,75,23,1.86
279,Senahu,GT,2023-03-01 04:19:22,15.4,-89.8333,58.44,89,4,2.44
280,Stornoway,GB,2023-03-01 04:19:22,58.2093,-6.3865,42.76,82,100,8.05
281,Touros,BR,2023-03-01 04:19:23,-5.1989,-35.4608,78.55,82,29,10.78
282,Dikson,RU,2023-03-01 04:19:23,73.5069,80.5464,-11.13,99,19,8.19
283,Isangel,VU,2023-03-01 04:19:24,-19.55,169.2667,79.02,94,100,34.07
284,Peniche,PT,2023-03-01 04:17:08,39.3558,-9.3811,42.46,63,11,10.02
285,Charlestown,AU,2023-03-01 04:19:25,-32.95,151.6667,81.68,67,94,8.99
286,Lakes Entrance,AU,2023-03-01 04:19:25,-37.8811,147.981,75.16,58,8,10.69
287,Stolin,BY,2023-03-01 04:19:26,51.8912,26.846,29.7,71,99,11.72
288,Pitimbu,BR,2023-03-01 04:19:26,-7.4706,-34.8086,77.59,80,18,8.9
289,Havoysund,NO,2023-03-01 04:19:27,70.9963,24.6622,32.23,70,100,13.67
290,Ancud,CL,2023-03-01 04:19:28,-41.8697,-73.8203,53.47,89,49,3.6
291,Olhao,PT,2023-03-01 04:19:29,37.0286,-7.8411,46.29,59,0,5.75
292,Igrim,RU,2023-03-01 04:19:30,63.1906,64.4162,14.34,97,100,4.41
293,Lagoa,PT,2023-03-01 04:19:30,39.05,-27.9833,59.38,85,45,31.7
294,Lavrentiya,RU,2023-03-01 04:19:31,65.5833,-171.0,1.58,79,100,19.51
295,Neuquen,AR,2023-03-01 04:19:32,-38.9516,-68.0591,73.29,25,0,10.36
296,Baykit,RU,2023-03-01 04:19:32,61.67,96.37,18.95,93,100,2.04
297,Omboue,GA,2023-03-01 04:19:33,-1.5746,9.2618,74.17,92,100,6.26
298,Alcaniz,ES,2023-03-01 04:19:33,41.05,-0.1333,32.31,64,27,18.68
299,Hay River,CA,2023-03-01 04:19:34,60.8156,-115.7999,-4.02,84,40,6.91
300,Leningradskiy,RU,2023-03-01 04:19:35,69.3833,178.4167,-23.3,94,97,7.29
301,Mayo,US,2023-03-01 04:19:35,38.8876,-76.5119,46.13,90,0,3.44
302,Valdivia,CL,2023-03-01 04:19:36,-39.8142,-73.2459,54.03,98,0,0.89
303,Penzance,GB,2023-03-01 04:19:37,50.1186,-5.5371,39.88,78,62,19.82
304,Luancheng,CN,2023-03-01 04:19:37,37.8792,114.6517,55.56,22,5,3.29
305,Isabela,PH,2023-03-01 04:19:38,6.7085,121.9711,87.85,63,11,5.57
306,Mococa,BR,2023-03-01 04:19:38,-21.4678,-47.0047,67.69,93,78,4.41
307,Naze,JP,2023-03-01 04:19:39,28.3667,129.4833,65.32,56,23,8.25
308,Chapais,CA,2023-03-01 04:19:39,49.7834,-74.8492,15.58,96,100,6.33
309,Sibolga,ID,2023-03-01 04:19:40,1.7427,98.7792,80.47,76,100,2.06
310,Pampierstad,ZA,2023-03-01 04:19:40,-27.7832,24.6877,65.52,62,19,8.19
311,Emerald,AU,2023-03-01 04:18:26,-23.5333,148.1667,98.35,28,5,0.96
312,Khatanga,RU,2023-03-01 04:19:41,71.9667,102.5,-13.09,93,68,4.29
313,Hrebinka,UA,2023-03-01 04:19:41,50.1171,32.4361,29.59,60,51,13.65
314,Sioux Lookout,CA,2023-03-01 04:19:42,50.1001,-91.917,6.87,61,40,8.05
315,Itaqui,BR,2023-03-01 04:19:42,-29.1253,-56.5531,76.66,42,2,6.17
316,Sorong,ID,2023-03-01 04:19:43,-0.8833,131.25,84.49,67,41,9.08
317,Slave Lake,CA,2023-03-01 04:15:33,55.2834,-114.769,10.38,85,100,6.91
318,Moyale,KE,2023-03-01 04:19:44,3.5167,39.0584,68.09,52,100,4.83
319,Mondlo,ZA,2023-03-01 04:19:44,-27.983,30.7177,57.49,96,4,4.47
320,Lazaro Cardenas,MX,2023-03-01 04:19:44,17.9583,-102.2,74.19,76,6,1.63
321,Tual,ID,2023-03-01 04:19:45,-5.6667,132.75,81.43,77,91,13.06
322,Sitka,US,2023-03-01 04:18:49,57.0531,-135.33,31.89,51,100,4.61
323,Nandi,IN,2023-03-01 04:19:46,13.3855,77.6984,74.62,48,3,14.12
324,Klaksvik,FO,2023-03-01 04:19:46,62.2266,-6.589,45.52,85,24,18.32
325,Talwandi Bhai,IN,2023-03-01 04:20:47,30.85,74.9333,68.43,47,56,7.43
326,Sangar,RU,2023-03-01 04:20:47,63.9242,127.4739,-16.13,87,14,3.0
327,Port Angeles,US,2023-03-01 04:20:48,48.1181,-123.4307,37.69,74,75,6.91
328,Baoding,CN,2023-03-01 04:20:48,38.8511,115.4903,54.66,12,0,8.52
329,Dwarka,IN,2023-03-01 04:20:49,22.2394,68.9678,76.14,59,0,6.4
330,Kerman,IR,2023-03-01 04:20:49,30.2832,57.0788,46.26,100,75,0.0
331,Shimoda,JP,2023-03-01 04:20:50,34.6667,138.95,62.96,51,100,21.45
332,Mogadishu,SO,2023-03-01 04:20:50,2.0371,45.3438,76.82,84,97,10.8
333,Kendari,ID,2023-03-01 04:20:51,-3.945,122.4989,83.21,69,100,3.96
334,Los Cedrales,PY,2023-03-01 04:20:51,-25.65,-54.7,71.76,97,41,2.91
335,Dingle,PH,2023-03-01 04:17:09,10.9995,122.6711,84.33,72,69,13.49
336,Heze,CN,2023-03-01 04:20:52,35.2431,115.4411,59.67,20,47,9.78
337,Dakar,SN,2023-03-01 04:20:53,14.6937,-17.4441,68.88,69,1,17.76
338,Avera,US,2023-03-01 04:20:54,33.194,-82.5271,60.31,53,15,5.59
339,Chandler,US,2023-03-01 04:20:54,33.3062,-111.8412,57.99,51,0,5.75
340,Severnyy,RU,2023-03-01 04:20:55,50.677,36.5532,26.64,86,75,11.18
341,Hammerfest,NO,2023-03-01 04:20:55,70.6634,23.6821,32.45,74,100,8.05
342,Husavik,IS,2023-03-01 04:20:56,66.0449,-17.3389,32.45,75,10,13.53
343,Teguldet,RU,2023-03-01 04:20:56,57.3064,88.1667,29.97,96,100,8.72
344,Biak,ID,2023-03-01 04:20:57,-0.9131,122.8766,83.97,65,99,1.16
345,Nome,US,2023-03-01 04:20:57,64.5011,-165.4064,16.11,100,100,21.85
346,Jiuquan,CN,2023-03-01 04:20:58,39.7432,98.5174,38.93,32,43,4.81
347,Toropets,RU,2023-03-01 04:20:58,56.4978,31.6353,19.18,94,82,9.57
348,Dzhebariki-Khaya,RU,2023-03-01 04:20:59,62.2167,135.8,-9.63,90,100,5.5
349,Olkhovatka,RU,2023-03-01 04:20:59,50.2831,39.2872,26.69,86,97,15.59
350,Jerome,US,2023-03-01 04:20:59,42.7241,-114.5186,35.69,77,100,16.11
351,Alice Springs,AU,2023-03-01 04:21:00,-23.7,133.8833,92.75,24,98,24.16
352,Beloha,MG,2023-03-01 04:21:00,-25.1667,45.05,76.6,78,100,5.26
353,Coquimbo,CL,2023-03-01 04:19:59,-29.9533,-71.3436,58.73,88,0,2.3
354,Wanning,CN,2023-03-01 04:21:01,18.8003,110.3967,75.27,60,80,11.34
355,Gamarra,CO,2023-03-01 04:21:02,8.3228,-73.7427,83.05,66,66,12.41
356,Thunder Bay,CA,2023-03-01 04:21:03,48.4001,-89.3168,22.91,46,75,4.61
357,Bambanglipuro,ID,2023-03-01 04:21:04,-7.95,110.2833,81.3,77,84,11.72
358,Komsomolskiy,UZ,2023-03-01 04:21:05,40.4272,71.7189,43.52,75,0,2.3
359,Vilhena,BR,2023-03-01 04:21:05,-12.7406,-60.1458,68.72,96,73,2.53
360,Ahipara,NZ,2023-03-01 04:21:05,-35.1667,173.1667,70.93,66,4,6.2
361,Tumut,AU,2023-03-01 04:21:06,-35.3,148.2167,86.34,23,0,8.5
362,Nalut,LY,2023-03-01 04:21:07,30.3333,10.85,50.11,42,32,1.81
363,East London,ZA,2023-03-01 04:21:08,-33.0153,27.9116,72.54,94,40,9.22
364,Saint-Pierre,RE,2023-03-01 04:21:09,-21.3393,55.4781,83.88,51,0,4.61
365,Cap Malheureux,MU,2023-03-01 04:21:10,-19.9842,57.6142,82.47,70,11,5.99
366,Faanui,PF,2023-03-01 04:21:10,-16.4833,-151.75,81.93,75,99,8.48
367,Buraydah,SA,2023-03-01 04:19:51,26.326,43.975,55.85,32,13,7.23
368,Kandrian,PG,2023-03-01 04:22:11,-6.2167,149.55,87.03,67,94,11.41
369,Pocone,BR,2023-03-01 04:22:12,-16.2567,-56.6228,79.5,66,99,1.07
370,Riyadh,SA,2023-03-01 04:21:08,24.6877,46.7219,62.74,45,82,5.32
371,Kilindoni,TZ,2023-03-01 04:22:13,-7.9139,39.6668,79.68,74,98,7.2
372,Kamina,CD,2023-03-01 04:22:13,-8.7386,24.9906,63.48,97,100,0.67
373,Ciudad Bolivar,VE,2023-03-01 04:22:14,8.1222,-63.5497,79.65,70,75,13.85
374,Luderitz,NA,2023-03-01 04:22:14,-26.6481,15.1594,60.4,89,0,15.99
375,Havre-Saint-Pierre,CA,2023-03-01 04:19:09,50.2334,-63.5986,10.4,60,0,16.11
376,Storforshei,NO,2023-03-01 04:22:15,66.4043,14.5233,37.18,93,100,8.05
377,Kyrksaeterora,NO,2023-03-01 04:22:15,63.2906,9.0891,37.06,97,100,7.61
378,Buchanan,LR,2023-03-01 04:22:16,5.8808,-10.0467,79.0,88,71,4.21
379,Muisne,EC,2023-03-01 04:22:16,0.6,-80.0333,75.97,87,100,2.06
380,Clinton,US,2023-03-01 04:21:19,42.587,-82.9199,38.01,85,75,5.75
381,Rio Negro,BR,2023-03-01 04:22:18,-26.1058,-49.7975,63.0,100,100,1.41
382,Languyan,PH,2023-03-01 04:22:18,5.2618,120.0807,83.97,70,93,2.46
383,Turan,VN,2023-03-01 04:18:13,16.0678,108.2208,76.98,73,75,8.05
384,Burnie,AU,2023-03-01 04:22:19,-41.0667,145.9167,68.94,51,24,13.71
385,Cadiz,ES,2023-03-01 04:22:20,36.5,-5.75,37.74,72,0,1.88
386,Narsaq,GL,2023-03-01 04:22:21,60.9167,-46.05,26.82,74,100,8.97
387,Pithoragarh,IN,2023-03-01 04:22:22,29.5833,80.2167,62.62,23,79,1.97
388,Guilin,CN,2023-03-01 04:22:23,25.2819,110.2864,69.91,34,0,8.01
389,Oistins,BB,2023-03-01 04:22:23,13.0667,-59.5333,75.29,73,20,13.8
390,Moron,AR,2023-03-01 04:22:24,-34.6534,-58.6198,82.29,62,23,9.35
391,Saskylakh,RU,2023-03-01 04:22:25,71.9167,114.0833,-20.69,100,98,5.41
392,Adrar,MR,2023-03-01 04:22:25,20.5022,-10.0711,61.59,44,0,8.39
393,North Bend,US,2023-03-01 04:22:27,43.4065,-124.2243,36.86,94,75,6.91
394,Lengyeltoti,HU,2023-03-01 04:22:28,46.6701,17.644,37.04,91,100,7.11
395,Grand Gaube,MU,2023-03-01 04:22:28,-20.0064,57.6608,82.38,70,11,5.99
396,Coihaique,CL,2023-03-01 04:22:29,-45.5752,-72.0662,55.35,50,0,8.05
397,Mahibadhoo,MV,2023-03-01 04:22:30,3.7833,72.9667,81.01,76,67,14.5
398,Russkiy,RU,2023-03-01 04:22:30,43.0147,131.8642,35.46,59,46,8.32
399,Shaunavon,CA,2023-03-01 04:22:31,49.6501,-108.4181,13.78,95,100,12.59
400,Beidao,CN,2023-03-01 04:22:32,34.5686,105.8933,44.56,23,100,1.23
401,Hearst,CA,2023-03-01 04:22:32,49.6835,-83.6665,21.45,87,50,9.53
402,Westport,US,2023-03-01 04:19:10,41.1415,-73.3579,35.19,95,0,4.61
403,Ishigaki,JP,2023-03-01 04:22:33,24.3448,124.1572,73.53,64,75,11.5
404,Enshi,CN,2023-03-01 04:22:34,30.3,109.4833,50.68,93,100,3.27
405,Chimbote,PE,2023-03-01 04:22:35,-9.0853,-78.5783,73.96,77,94,6.4
406,Pangai,TO,2023-03-01 04:22:36,-19.8,-174.35,84.31,74,40,8.05
407,Charters Towers,AU,2023-03-01 04:22:37,-20.1,146.2667,91.38,28,75,9.51
408,Santa Cruz Cabralia,BR,2023-03-01 04:18:17,-16.2781,-39.0247,77.23,94,75,5.75
409,Voh,NC,2023-03-01 04:22:38,-20.9667,164.7,84.65,75,88,6.82
410,Samarai,PG,2023-03-01 04:22:38,-10.6167,150.6667,84.67,69,64,22.53
411,Brae,GB,2023-03-01 04:22:39,60.3964,-1.353,43.7,74,100,13.62
412,Launceston,AU,2023-03-01 04:22:40,-41.45,147.1667,75.61,45,1,8.05
413,Sinop,TR,2023-03-01 04:19:18,41.7711,34.8709,46.8,94,100,1.77
414,Qasigiannguit,GL,2023-03-01 04:23:40,68.8193,-51.1922,14.25,95,100,11.3
415,San Gavino Monreale,IT,2023-03-01 04:23:41,39.5514,8.7917,48.42,93,100,3.71
416,Orlik,RU,2023-03-01 04:23:41,52.5178,99.825,17.87,75,100,2.55
417,Bani,DO,2023-03-01 04:19:15,18.2833,-70.3333,69.58,82,9,7.87
418,Kodinsk,RU,2023-03-01 04:23:42,58.6881,99.1844,29.93,87,100,14.25
419,Trogir,HR,2023-03-01 04:23:42,43.5125,16.2517,51.85,54,0,5.75
420,Urumqi,CN,2023-03-01 04:23:43,43.801,87.6005,16.75,79,18,4.47
421,Hobbs,US,2023-03-01 04:23:43,32.7026,-103.136,63.19,11,0,4.61
422,Egvekinot,RU,2023-03-01 04:23:44,66.3167,-179.1667,-18.24,87,90,15.12
423,Bereda,ES,2023-03-01 04:23:44,43.2686,-7.5406,34.57,100,41,2.15
424,Luwuk,ID,2023-03-01 04:23:45,-0.9516,122.7875,87.31,63,100,3.04
425,Nha Trang,VN,2023-03-01 04:23:45,12.25,109.1833,82.4,69,99,12.68
426,Sigli,ID,2023-03-01 04:23:46,5.3848,95.9609,77.86,86,100,8.84
427,Tautira,PF,2023-03-01 04:23:47,-17.7333,-149.15,80.82,76,90,7.9
428,Okha,RU,2023-03-01 04:23:47,53.5739,142.9478,8.11,76,7,12.33
429,Nueva Loja,EC,2023-03-01 04:23:48,0.0847,-76.8828,69.01,99,99,0.89
430,Ostersund,SE,2023-03-01 04:23:48,63.1792,14.6357,36.05,93,75,16.11
431,Soanierana Ivongo,MG,2023-03-01 04:23:49,-16.9167,49.5833,76.62,83,65,3.74
432,Khani,GE,2023-03-01 04:23:49,41.9563,42.9566,38.77,73,78,4.72
433,San Joaquin,US,2023-03-01 04:23:50,37.9333,-121.3011,47.23,89,100,11.5
434,Kosice,SK,2023-03-01 04:23:50,48.6667,21.3333,32.49,64,20,8.05
435,Flinders,AU,2023-03-01 04:23:51,-34.5833,150.8552,74.37,74,100,18.45
436,Brownsville,US,2023-03-01 04:20:51,25.9018,-97.4975,77.0,92,100,13.8
437,San Pedro,PH,2023-03-01 04:23:52,14.35,121.0167,87.31,63,75,9.22
438,Plettenberg Bay,ZA,2023-03-01 04:23:52,-34.0527,23.3716,66.79,94,97,2.57
439,Sahuaripa,MX,2023-03-01 04:23:52,29.05,-109.2333,59.65,22,60,4.54
440,Nanchang,CN,2023-03-01 04:23:53,28.6833,115.8833,62.42,43,82,7.47
441,Nesterov,RU,2023-03-01 04:23:53,54.6306,22.5714,32.94,98,99,9.08
442,Dourbali,TD,2023-03-01 04:23:54,11.8091,15.8632,75.51,12,97,7.7
443,Umm Lajj,SA,2023-03-01 04:23:54,25.0213,37.2685,72.63,54,0,2.59
444,Carauari,BR,2023-03-01 04:23:54,-4.8828,-66.8958,73.36,100,100,2.37
445,Los Llanos De Aridane,ES,2023-03-01 04:23:55,28.6585,-17.9182,58.75,83,0,8.01
446,Show Low,US,2023-03-01 04:23:55,34.2542,-110.0298,32.07,80,75,9.22
447,Hualmay,PE,2023-03-01 04:23:56,-11.0964,-77.6139,72.81,82,31,8.52
448,Berdigestyakh,RU,2023-03-01 04:23:56,62.0989,126.6992,-3.26,93,100,3.96
449,Mnogovershinnyy,RU,2023-03-01 04:23:57,53.9353,139.9242,11.12,64,4,8.7
450,Jibuti,DJ,2023-03-01 04:23:57,11.5,42.5,69.35,80,74,11.34
451,Mount Gambier,AU,2023-03-01 04:23:58,-37.8333,140.7667,66.72,53,27,9.44
452,Natal,BR,2023-03-01 04:23:39,-5.795,-35.2094,75.85,94,20,4.61
453,Aykhal,RU,2023-03-01 04:23:59,66.0,111.5,-2.56,89,100,4.65
454,Gat,IL,2023-03-01 04:23:59,31.61,34.7642,65.8,40,0,5.57
455,Okato,NZ,2023-03-01 04:24:00,-39.2,173.8833,70.68,64,0,10.09
456,Caninde,BR,2023-03-01 04:24:00,-4.3589,-39.3117,73.13,89,75,2.08
457,Souillac,MU,2023-03-01 04:24:01,-20.5167,57.5167,77.38,83,40,1.14
458,Elizabeth City,US,2023-03-01 04:24:01,36.2946,-76.2511,53.02,87,0,6.91
459,Victoria,HK,2023-03-01 04:22:37,22.2855,114.1577,75.96,60,0,5.01
460,Marsa Matruh,EG,2023-03-01 04:25:02,31.3525,27.2453,64.76,39,3,6.49
461,Limbdi,IN,2023-03-01 04:25:03,22.5667,71.8,80.55,33,0,8.59
462,Taltal,CL,2023-03-01 04:25:04,-25.4,-70.4833,68.25,81,8,1.21
463,Montrose,US,2023-03-01 04:23:44,38.4166,-108.2673,18.81,81,99,5.59
464,Buin,CL,2023-03-01 04:25:04,-33.7333,-70.75,75.11,46,0,0.81
465,Nioro,GM,2023-03-01 04:25:05,13.35,-15.75,76.71,20,1,5.68
466,La Asuncion,VE,2023-03-01 04:25:06,11.0333,-63.8628,85.73,66,24,17.27
467,Namibe,AO,2023-03-01 04:25:07,-15.1961,12.1522,73.27,85,98,4.88
468,Derzhavinsk,KZ,2023-03-01 04:25:07,51.1,66.3167,32.4,92,100,24.05
469,Srednekolymsk,RU,2023-03-01 04:25:08,67.45,153.6833,-20.18,91,100,2.75
470,Reconquista,AR,2023-03-01 04:25:09,-29.15,-59.65,76.46,61,0,5.41
471,Bauru,BR,2023-03-01 04:25:09,-22.3147,-49.0606,69.84,84,100,5.01
472,Maues,BR,2023-03-01 04:25:10,-3.3836,-57.7186,73.53,98,96,2.01
473,Kashi,CN,2023-03-01 04:25:11,39.4547,75.9797,43.81,39,0,6.71
474,Cidreira,BR,2023-03-01 04:25:11,-30.1811,-50.2056,74.37,89,3,18.25
475,Lerwick,GB,2023-03-01 04:25:12,60.1545,-1.1494,41.0,75,100,14.52
476,Tupelo,US,2023-03-01 04:25:12,34.2576,-88.7034,61.09,54,0,4.61
477,Innisfail,AU,2023-03-01 04:25:14,-17.5333,146.0333,82.71,66,30,8.59
478,Vila Franca Do Campo,PT,2023-03-01 04:25:15,37.7167,-25.4333,63.01,96,97,16.42
479,Acajutla,SV,2023-03-01 04:25:16,13.5928,-89.8275,76.15,79,2,6.13
480,Owando,CG,2023-03-01 04:25:17,-0.4819,15.8999,71.89,88,95,2.66
481,Pombas,CV,2023-03-01 04:25:17,17.1503,-25.0201,65.98,82,12,12.77
482,Dogondoutchi,NE,2023-03-01 04:25:18,13.6393,4.0287,77.05,15,37,10.02
483,Sembe,CG,2023-03-01 04:25:19,1.6481,14.5806,69.26,94,94,3.02
484,Puerto Armuelles,PA,2023-03-01 04:25:19,8.2833,-82.8667,78.33,80,17,3.47
485,Esso,RU,2023-03-01 04:25:20,55.9333,158.7,7.54,76,100,6.73
486,Mackenzie,CA,2023-03-01 04:25:21,55.2999,-123.1698,-0.18,85,0,2.3
487,Barranca,PE,2023-03-01 04:25:21,-10.75,-77.7667,72.64,80,54,6.58
488,Aklavik,CA,2023-03-01 04:25:22,68.2191,-135.0107,-21.44,100,12,7.67
489,Uva,RU,2023-03-01 04:25:23,56.9908,52.1852,19.27,96,100,6.31
490,Tomatlan,MX,2023-03-01 04:25:23,19.9333,-105.25,68.95,94,99,2.19
491,Bubaque,GW,2023-03-01 04:25:24,11.2833,-15.8333,74.61,67,4,6.06
492,Vila Do Maio,CV,2023-03-01 04:25:24,15.1333,-23.2167,70.59,77,1,16.58
493,Hays,US,2023-03-01 04:25:26,30.0502,-98.0336,71.24,82,98,4.0
494,Cayenne,GF,2023-03-01 04:25:26,4.9333,-52.3333,77.04,94,75,5.75
495,Batagay-Alyta,RU,2023-03-01 04:25:27,67.8006,130.4114,-21.23,83,14,2.21
496,Lakhnau,IN,2023-03-01 04:25:28,26.85,80.9167,76.98,69,0,0.0
497,Turinsk,RU,2023-03-01 04:25:29,58.0458,63.696,20.1,91,100,8.32
498,Popondetta,PG,2023-03-01 04:25:29,-8.7537,148.2534,86.23,62,100,3.58
499,Kitimat,CA,2023-03-01 04:25:30,54.0524,-128.6534,28.78,45,85,0.45
500,Port Hardy,CA,2023-03-01 04:25:30,50.6996,-127.4199,39.2,86,20,5.75
501,Jertih,MY,2023-03-01 04:25:31,5.7336,102.4897,77.76,90,100,7.2
502,Pemangkat,ID,2023-03-01 04:25:32,1.1667,108.9667,75.58,91,100,9.1
503,Sakakah,SA,2023-03-01 04:25:32,29.9697,40.2064,49.57,34,0,3.49
504,Matara,LK,2023-03-01 04:25:33,5.9485,80.5353,83.48,66,99,14.25
505,Mackay,AU,2023-03-01 04:26:33,-21.15,149.2,92.68,64,3,8.25
506,Santa Isabel,BR,2023-03-01 04:23:14,-23.3156,-46.2214,65.5,98,98,1.43
507,Mizan Teferi,ET,2023-03-01 04:26:34,6.9833,35.5833,66.07,61,91,2.59
508,Benguela,AO,2023-03-01 04:26:35,-12.5763,13.4055,78.26,72,100,4.29
509,Tongchuan,CN,2023-03-01 04:26:35,35.0806,109.0897,49.12,21,99,7.34
510,Cabedelo,BR,2023-03-01 04:25:19,-6.9811,-34.8339,77.67,79,19,9.46
511,Namatanai,PG,2023-03-01 04:26:36,-3.6667,152.4333,78.93,88,100,16.31
512,Tanout,NE,2023-03-01 04:26:37,14.9709,8.8879,74.66,14,12,7.38
513,Uppsala,SE,2023-03-01 04:26:38,60.0,17.75,29.71,86,96,5.75
514,Turayf,SA,2023-03-01 04:26:38,31.6725,38.6637,44.85,45,0,4.61
515,Manzanillo,CU,2023-03-01 04:26:39,20.3433,-77.1167,70.95,74,1,5.79
516,Nsanje,MW,2023-03-01 04:26:39,-16.92,35.262,72.37,93,100,2.86
517,Trinidad,BO,2023-03-01 04:26:40,-14.8333,-64.9,75.29,91,61,3.33
518,Smithers,CA,2023-03-01 04:26:41,54.7804,-127.1743,16.12,92,75,3.44
519,San Cristobal,VE,2023-03-01 04:22:06,7.7669,-72.225,69.98,82,26,1.32
520,Rio Grande,BR,2023-03-01 04:22:24,-32.035,-52.0986,74.44,85,84,14.09
521,Pontianak,ID,2023-03-01 04:26:42,-0.0333,109.3333,82.38,78,75,2.3
522,Crestview,US,2023-03-01 04:26:27,30.7621,-86.5705,71.89,94,75,9.22
523,Cortez,US,2023-03-01 04:26:43,37.3489,-108.5859,29.16,81,100,5.75
524,Anshan,CN,2023-03-01 04:26:44,41.1236,122.99,39.11,22,19,13.35
525,Saint-Georges,GD,2023-03-01 04:26:44,12.0564,-61.7485,76.68,78,20,17.27
526,Broken Hill,AU,2023-03-01 04:24:27,-31.95,141.4333,77.58,24,0,17.07
527,Farah,AF,2023-03-01 04:26:45,32.5,62.5,54.64,42,100,4.25
528,Kholm,RU,2023-03-01 04:26:46,59.2667,32.85,22.21,94,100,10.67
529,Marawi,PH,2023-03-01 04:26:46,7.9986,124.2928,82.08,58,11,8.01
530,Timmins,CA,2023-03-01 04:26:02,48.4669,-81.3331,24.62,80,20,4.61
531,Comodoro Rivadavia,AR,2023-03-01 04:26:47,-45.8667,-67.5,64.26,34,0,25.32
532,Memmingen,DE,2023-03-01 04:26:47,47.9837,10.1853,30.52,86,100,12.66
533,Shizunai,JP,2023-03-01 04:26:48,42.3339,142.3669,39.94,73,25,10.71
534,Yinchuan,CN,2023-03-01 04:26:48,38.4681,106.2731,40.78,28,33,4.85
535,Palmer,US,2023-03-01 04:26:49,42.1584,-72.3287,34.14,89,20,0.0
536,Ocampo,MX,2023-03-01 04:26:49,21.65,-101.5,62.11,22,100,4.94
537,Aniva,RU,2023-03-01 04:26:50,46.7144,142.5294,26.71,75,45,2.13
538,Mount Isa,AU,2023-03-01 04:26:50,-20.7333,139.5,92.97,36,40,10.36
539,Saravan,AM,2023-03-01 04:26:50,39.7196,45.6483,31.93,53,28,6.2
540,Calama,CL,2023-03-01 04:26:51,-22.4667,-68.9333,52.29,35,0,12.66
541,Kralendijk,BQ,2023-03-01 04:26:51,12.15,-68.2667,78.78,78,100,11.5
542,Tieli,CN,2023-03-01 04:26:52,46.95,128.05,24.78,72,100,2.93
543,San Jose,US,2023-03-01 04:23:14,37.3394,-121.895,48.58,88,75,12.66
544,Lowestoft,GB,2023-03-01 04:26:53,52.4752,1.7516,41.25,88,100,11.41
545,Beringovskiy,RU,2023-03-01 04:26:53,63.05,179.3167,-3.71,78,100,14.58
546,Kantunilkin,MX,2023-03-01 04:26:54,21.0917,-87.45,69.55,92,0,3.87
547,Margherita,IN,2023-03-01 04:26:54,27.2833,95.6833,78.6,29,3,3.31
548,Zharkent,KZ,2023-03-01 04:27:55,44.1628,80.0,41.92,30,8,3.33
549,Paea,PF,2023-03-01 04:27:55,-17.6833,-149.5833,74.91,94,75,8.05
550,Padra,IN,2023-03-01 04:27:56,22.2333,73.0833,77.09,57,0,3.44
551,Hvide Sande,DK,2023-03-01 04:27:56,56.0045,8.1294,37.09,84,2,5.26
552,Necochea,AR,2023-03-01 04:27:57,-38.5473,-58.7368,73.83,61,27,10.87
553,Vanavara,RU,2023-03-01 04:27:57,60.34,102.2797,24.8,96,100,1.97
554,Margate,GB,2023-03-01 04:27:58,51.3813,1.3862,39.69,70,6,4.0
555,Adwa,ET,2023-03-01 04:27:58,14.1646,38.8955,59.16,49,2,1.34
556,Ranong,TH,2023-03-01 04:27:59,9.9658,98.6348,91.33,43,61,3.51
557,Chegdomyn,RU,2023-03-01 04:27:59,51.1167,133.0167,11.98,75,100,3.74
558,Fairbanks,US,2023-03-01 04:26:34,64.8378,-147.7164,12.6,79,100,8.05
559,Saint-Gaudens,FR,2023-03-01 04:28:00,43.0833,0.6667,25.02,73,76,5.3
560,Yelan,RU,2023-03-01 04:28:00,50.949,43.7378,24.1,94,100,15.08
561,Markova,UA,2023-03-01 04:28:01,48.6758,24.4138,23.38,97,66,3.06
562,Wattegama,LK,2023-03-01 04:28:01,6.7989,81.4808,79.0,81,100,8.77
563,Nemuro,JP,2023-03-01 04:28:02,43.3236,145.575,34.16,86,19,12.44
564,Awbari,LY,2023-03-01 04:28:02,26.5921,12.7805,56.89,28,0,6.78
565,Upata,VE,2023-03-01 04:28:03,8.0086,-62.3989,74.19,88,82,6.93
566,Manta,EC,2023-03-01 04:28:04,-0.95,-80.7333,80.38,83,75,2.3
567,Fukue,JP,2023-03-01 04:28:05,32.6881,128.8419,57.56,94,75,1.14
568,Wells,GB,2023-03-01 04:28:05,51.2079,-2.649,41.45,86,100,10.78
569,Nantucket,US,2023-03-01 04:25:41,41.2835,-70.0995,39.25,97,100,12.66
570,Ugoofaaru,MV,2023-03-01 04:28:06,5.6667,73.0,80.64,71,80,10.36
571,Umm Kaddadah,SD,2023-03-01 04:28:07,13.6017,26.6876,66.58,13,10,11.03
572,Jambusar,IN,2023-03-01 04:28:08,22.05,72.8,80.94,29,0,3.2
573,Tacoronte,ES,2023-03-01 04:24:56,28.4769,-16.4102,62.8,85,98,11.01
574,Mufumbwe,ZM,2023-03-01 04:28:09,-13.6833,24.8,62.78,98,95,5.79
575,Puerto Penasco,MX,2023-03-01 04:28:09,31.3167,-113.5333,57.9,78,100,1.99
